iso_code,year,employment_gap,pay_gap,inactive_care_pct,women_parliament_pct,childcare_spend_pct_gdp,maternity_weeks,parental_paid_weeks,father_leave_weeks,WBL INDEX,MOBILITY,WORKPLACE,PAY,MARRIAGE,PARENTHOOD,ENTREPRENEURSHIP,ASSETS,PENSION,female_board_share,female_senior_mgmt_share
AT,2010,10.2,24.0,1.3,38.9,0.4526844828185806,16.0,44.0,8.666666,91.25,100.0,100.0,100.0,100.0,80.0,100.0,100.0,50.0,0.14003922,0.13832176
AT,2011,10.0,23.5,1.2,33.3,0.44667663960838,16.0,44.0,8.666666,91.25,100.0,100.0,100.0,100.0,80.0,100.0,100.0,50.0,0.14001961,0.138509
AT,2012,9.7,22.9,1.2,33.3,0.4681521226776024,16.0,44.0,8.666666,91.25,100.0,100.0,100.0,100.0,80.0,100.0,100.0,50.0,0.14776577,0.14675777
AT,2013,9.1,22.3,1.3,33.3,0.4868255782812344,16.0,44.0,8.666666,91.25,100.0,100.0,100.0,100.0,80.0,100.0,100.0,50.0,0.14564863,0.14444347
AT,2014,8.2,22.2,1.1,31.3,0.5102775009951883,16.0,44.0,8.666666,91.25,100.0,100.0,100.0,100.0,80.0,100.0,100.0,50.0,0.14868565,0.14769393
AT,2015,8.2,21.8,1.2,31.3,0.5190966046989579,16.0,44.0,8.666666,91.25,100.0,100.0,100.0,100.0,80.0,100.0,100.0,50.0,0.14579716,0.14468387
AT,2016,7.8,20.8,1.2,25.0,0.539764383795674,16.0,44.0,8.666666,94.375,100.0,100.0,100.0,100.0,80.0,100.0,100.0,75.0,0.1455519,0.14433813
AT,2017,8.0,20.7,1.0,26.7,0.5318864469872163,16.0,44.0,8.666666,94.375,100.0,100.0,100.0,100.0,80.0,100.0,100.0,75.0,0.14667413,0.14562708
AT,2018,9.0,20.4,0.7,37.5,0.5292499051964799,16.0,44.0,8.666666,94.375,100.0,100.0,100.0,100.0,80.0,100.0,100.0,75.0,0.1479028,0.14699534
AT,2019,8.8,20.0,0.7,50.0,0.5470384739605421,16.0,44.0,8.666666,94.375,100.0,100.0,100.0,100.0,80.0,100.0,100.0,75.0,0.14749613,0.1467744
AT,2020,8.4,19.2,0.7,52.9,,16.0,44.0,12.996666,94.375,100.0,100.0,100.0,100.0,80.0,100.0,100.0,75.0,0.1541735,0.15395963
AT,2021,8.6,19.1,1.2,47.1,,16.0,44.0,12.996666,96.875,100.0,100.0,100.0,100.0,100.0,100.0,100.0,75.0,,
AT,2022,7.8,18.7,1.3,44.4,,16.0,44.0,12.996666,96.875,100.0,100.0,100.0,100.0,100.0,100.0,100.0,75.0,,
AT,2023,7.8,18.3,1.2,44.4,,16.0,44.0,12.996666,96.875,100.0,100.0,100.0,100.0,100.0,100.0,100.0,75.0,,
BE,2010,11.9,10.2,0.2,22.7,0.6772052577371224,15.0,13.0,15.0,93.75,100.0,100.0,50.0,100.0,100.0,100.0,100.0,100.0,0.2644419,0.23097335
BE,2011,11.5,9.4,,23.8,0.6818985932929776,15.0,13.0,15.0,100.0,100.0,100.0,100.0,100.0,100.0,100.0,100.0,100.0,0.2646021,0.2369339
BE,2012,11.0,8.3,0.2,31.6,0.737046485415002,15.0,17.333,19.333,100.0,100.0,100.0,100.0,100.0,100.0,100.0,100.0,100.0,0.27441907,0.25591344
BE,2013,10.2,7.5,0.5,31.6,0.7701537645777459,15.0,17.333,19.333,100.0,100.0,100.0,100.0,100.0,100.0,100.0,100.0,100.0,0.26418933,0.24893366
BE,2014,8.7,6.6,0.3,22.2,0.8182006995211241,15.0,17.333,19.333,100.0,100.0,100.0,100.0,100.0,100.0,100.0,100.0,100.0,0.2632851,0.25665
BE,2015,8.3,6.4,0.4,27.8,0.8019159036665212,15.0,17.333,19.333,100.0,100.0,100.0,100.0,100.0,100.0,100.0,100.0,100.0,0.26921612,0.23925139
BE,2016,9.3,6.0,0.3,22.2,0.8166586653602602,15.0,17.333,19.333,100.0,100.0,100.0,100.0,100.0,100.0,100.0,100.0,100.0,0.2740732,0.21624215
BE,2017,9.8,5.8,0.4,22.2,0.8034003458149591,15.0,17.333,19.333,100.0,100.0,100.0,100.0,100.0,100.0,100.0,100.0,100.0,0.2712507,0.20659457
BE,2018,8.4,5.8,0.4,22.2,0.8107006631211694,15.0,17.333,19.333,100.0,100.0,100.0,100.0,100.0,100.0,100.0,100.0,100.0,0.2709081,0.20800339
BE,2019,8.0,4.7,0.4,30.8,0.807936440649831,15.0,17.333,19.333,100.0,100.0,100.0,100.0,100.0,100.0,100.0,100.0,100.0,0.26423705,0.21000414
BE,2020,8.1,3.2,0.3,50.0,,15.0,17.333,19.333,100.0,100.0,100.0,100.0,100.0,100.0,100.0,100.0,100.0,0.2972404,0.2977058
BE,2021,7.7,1.8,0.4,50.0,,15.0,17.333,20.333,100.0,100.0,100.0,100.0,100.0,100.0,100.0,100.0,100.0,,
BE,2022,7.6,0.7,0.3,55.0,,15.0,17.333,20.333,100.0,100.0,100.0,100.0,100.0,100.0,100.0,100.0,100.0,,
BE,2023,7.6,0.7,0.4,55.0,,15.0,17.333,21.333,100.0,100.0,100.0,100.0,100.0,100.0,100.0,100.0,100.0,,
BG,2010,7.5,13.0,0.4,33.3,,,,,93.75,100.0,100.0,75.0,100.0,100.0,100.0,100.0,75.0,0.28197417,0.280914
BG,2011,5.8,13.2,,35.2,,,,,93.75,100.0,100.0,75.0,100.0,100.0,100.0,100.0,75.0,0.2857109,0.28453603
BG,2012,5.2,15.1,,38.0,,,,,90.625,100.0,100.0,75.0,100.0,100.0,100.0,100.0,50.0,0.32064626,0.31891134
BG,2013,5.4,14.1,0.3,33.9,,,,,90.625,100.0,100.0,75.0,100.0,100.0,100.0,100.0,50.0,0.32155353,0.3193011
BG,2014,5.8,14.2,0.3,30.9,,,,,90.625,100.0,100.0,75.0,100.0,100.0,100.0,100.0,50.0,0.3193913,0.31713575
BG,2015,6.3,15.5,,27.0,,,,,90.625,100.0,100.0,75.0,100.0,100.0,100.0,100.0,50.0,0.33414266,0.33215073
BG,2016,6.8,14.6,,36.1,,,,,90.625,100.0,100.0,75.0,100.0,100.0,100.0,100.0,50.0,0.33096564,0.32882378
BG,2017,7.6,14.3,,37.0,,,,,90.625,100.0,100.0,100.0,100.0,100.0,100.0,100.0,25.0,0.3326431,0.33047542
BG,2018,7.7,13.9,,39.2,,,,,90.625,100.0,100.0,100.0,100.0,100.0,100.0,100.0,25.0,0.3331235,0.33098108
BG,2019,8.1,14.0,,39.4,,,,,90.625,100.0,100.0,100.0,100.0,100.0,100.0,100.0,25.0,0.35745743,0.35563412
BG,2020,8.3,12.5,,40.0,,,,,90.625,100.0,100.0,100.0,100.0,100.0,100.0,100.0,25.0,0.074074075,0.1
BG,2021,8.4,11.9,0.5,36.2,,,,,90.625,100.0,100.0,100.0,100.0,100.0,100.0,100.0,25.0,,
BG,2022,7.5,12.6,0.4,40.3,,,,,90.625,100.0,100.0,100.0,100.0,100.0,100.0,100.0,25.0,,
BG,2023,7.3,13.5,0.4,36.8,,,,,90.625,100.0,100.0,100.0,100.0,100.0,100.0,100.0,25.0,,
HR,2010,11.5,5.7,0.7,15.8,,,,,84.375,100.0,100.0,25.0,100.0,100.0,100.0,100.0,50.0,0.22609323,0.22520709
HR,2011,12.5,,1.0,10.5,,,,,93.75,100.0,100.0,100.0,100.0,100.0,100.0,100.0,50.0,0.22920609,0.22918712
HR,2012,11.0,,1.3,13.6,,,,,93.75,100.0,100.0,100.0,100.0,100.0,100.0,100.0,50.0,0.27451894,0.2751675
HR,2013,8.8,7.7,1.5,19.0,,,,,93.75,100.0,100.0,100.0,100.0,100.0,100.0,100.0,50.0,0.255279,0.25615892
HR,2014,10.0,8.7,1.0,19.0,,,,,93.75,100.0,100.0,100.0,100.0,100.0,100.0,100.0,50.0,0.25853217,0.25904247
HR,2015,9.5,,1.0,14.3,,,,,93.75,100.0,100.0,100.0,100.0,100.0,100.0,100.0,50.0,0.24414718,0.24419042
HR,2016,9.7,11.6,1.3,19.0,,,,,93.75,100.0,100.0,100.0,100.0,100.0,100.0,100.0,50.0,0.24319139,0.2437043
HR,2017,10.5,12.3,1.1,28.6,,,,,93.75,100.0,100.0,100.0,100.0,100.0,100.0,100.0,50.0,0.24287763,0.2438144
HR,2018,10.5,11.4,1.1,23.8,,,,,93.75,100.0,100.0,100.0,100.0,100.0,100.0,100.0,50.0,0.24327256,0.24424826
HR,2019,10.5,10.2,0.8,19.0,,,,,93.75,100.0,100.0,100.0,100.0,100.0,100.0,100.0,50.0,0.28158087,0.2820664
HR,2020,11.2,8.7,0.7,27.8,,,,,93.75,100.0,100.0,100.0,100.0,100.0,100.0,100.0,50.0,0.086666666,0.123809524
HR,2021,10.4,7.3,0.6,27.8,,,,,93.75,100.0,100.0,100.0,100.0,100.0,100.0,100.0,50.0,,
HR,2022,9.4,7.7,0.7,27.8,,,,,93.75,100.0,100.0,100.0,100.0,100.0,100.0,100.0,50.0,,
HR,2023,7.7,7.4,0.7,22.2,,,,,93.75,100.0,100.0,100.0,100.0,100.0,100.0,100.0,50.0,,
CY,2010,12.9,16.8,1.0,16.7,,,,,88.75,75.0,100.0,75.0,100.0,60.0,100.0,100.0,100.0,0.27219912,0.18560606
CY,2011,11.9,16.1,1.0,25.0,,,,,88.75,75.0,100.0,75.0,100.0,60.0,100.0,100.0,100.0,0.3025818,0.10144927
CY,2012,11.3,15.6,1.1,33.3,,,,,88.75,75.0,100.0,75.0,100.0,60.0,100.0,100.0,100.0,0.28783077,0.15508658
CY,2013,10.4,14.9,1.2,8.3,,,,,88.75,75.0,100.0,75.0,100.0,60.0,100.0,100.0,100.0,0.28719866,0.12532051
CY,2014,7.7,14.2,1.3,8.3,,,,,88.75,75.0,100.0,75.0,100.0,60.0,100.0,100.0,100.0,0.2863541,0.18060134
CY,2015,8.3,13.2,1.4,8.3,,,,,88.75,75.0,100.0,75.0,100.0,60.0,100.0,100.0,100.0,0.29449478,0.27861953
CY,2016,9.7,12.3,1.4,8.3,,,,,88.75,75.0,100.0,75.0,100.0,60.0,100.0,100.0,100.0,0.28322586,0.32092592
CY,2017,9.5,11.2,0.8,8.3,,,,,88.75,75.0,100.0,75.0,100.0,60.0,100.0,100.0,100.0,0.28555906,0.30512822
CY,2018,10.4,10.4,0.9,16.7,,,,,88.75,75.0,100.0,75.0,100.0,60.0,100.0,100.0,100.0,0.28153166,0.255
CY,2019,10.6,10.5,0.5,16.7,,,,,91.25,75.0,100.0,75.0,100.0,80.0,100.0,100.0,100.0,0.29789174,0.22759171
CY,2020,11.6,9.9,0.6,25.0,,,,,91.25,75.0,100.0,75.0,100.0,80.0,100.0,100.0,100.0,,
CY,2021,11.5,11.0,1.1,25.0,,,,,91.25,75.0,100.0,75.0,100.0,80.0,100.0,100.0,100.0,,
CY,2022,10.9,11.9,0.8,16.7,,,,,94.375,100.0,100.0,75.0,100.0,80.0,100.0,100.0,100.0,,
CY,2023,9.0,12.0,0.5,25.0,,,,,94.375,100.0,100.0,75.0,100.0,80.0,100.0,100.0,100.0,,
CZ,2010,18.7,21.6,0.8,0.0,0.3885974888527433,28.0,82.0,0.0,88.125,100.0,100.0,75.0,100.0,80.0,100.0,100.0,50.0,0.21085286,0.20801093
CZ,2011,18.2,22.6,1.0,6.3,0.3939833708837094,28.0,82.0,0.0,88.125,100.0,100.0,75.0,100.0,80.0,100.0,100.0,50.0,0.21379003,0.21105956
CZ,2012,17.7,22.5,0.7,12.5,0.4301684908768806,28.0,82.0,0.0,88.125,100.0,100.0,75.0,100.0,80.0,100.0,100.0,50.0,0.22852987,0.22692527
CZ,2013,17.2,22.3,0.8,6.7,0.4531618914811854,28.0,82.0,0.0,91.25,100.0,100.0,100.0,100.0,80.0,100.0,100.0,50.0,0.22376229,0.2235935
CZ,2014,17.5,22.5,0.8,17.6,0.4560590902545792,28.0,82.0,0.0,91.25,100.0,100.0,100.0,100.0,80.0,100.0,100.0,50.0,0.22523738,0.2248801
CZ,2015,16.6,22.5,0.8,17.6,0.433795914319019,28.0,82.0,0.0,91.25,100.0,100.0,100.0,100.0,80.0,100.0,100.0,50.0,0.22181678,0.22153768
CZ,2016,16.0,21.5,0.9,17.6,0.408224778636568,28.0,82.0,0.0,91.25,100.0,100.0,100.0,100.0,80.0,100.0,100.0,50.0,0.22629276,0.22626553
CZ,2017,15.8,21.1,0.7,11.8,0.4392020160528139,28.0,82.0,0.0,91.25,100.0,100.0,100.0,100.0,80.0,100.0,100.0,50.0,0.22510935,0.22478986
CZ,2018,15.2,20.1,0.7,26.7,0.4620352239781269,28.0,34.97453198580073,1.0,91.25,100.0,100.0,100.0,100.0,80.0,100.0,100.0,50.0,0.23979512,0.23907258
CZ,2019,15.0,19.3,0.8,26.7,0.4849642634386729,28.0,33.92497274431333,1.0,93.75,100.0,100.0,100.0,100.0,100.0,100.0,100.0,50.0,0.24693651,0.24783242
CZ,2020,15.3,16.7,0.9,28.6,,28.0,45.74460680161784,1.0,93.75,100.0,100.0,100.0,100.0,100.0,100.0,100.0,50.0,0.27083635,0.26305905
CZ,2021,15.4,15.4,0.6,28.6,,28.0,44.85989002209213,1.0,93.75,100.0,100.0,100.0,100.0,100.0,100.0,100.0,50.0,,
CZ,2022,14.9,18.4,0.3,11.8,,28.0,37.652724029587574,2.0,93.75,100.0,100.0,100.0,100.0,100.0,100.0,100.0,50.0,,
CZ,2023,13.9,18.0,0.4,11.1,,28.0,35.25301329998169,2.0,93.75,100.0,100.0,100.0,100.0,100.0,100.0,100.0,50.0,,
DK,2010,5.7,17.1,0.3,47.4,1.3712224742723715,18.0,32.0,2.0,97.5,100.0,100.0,100.0,80.0,100.0,100.0,100.0,100.0,0.14547667,0.11836627
DK,2011,6.9,16.4,0.3,39.1,1.5219765152277425,18.0,32.0,2.0,97.5,100.0,100.0,100.0,80.0,100.0,100.0,100.0,100.0,0.14730126,0.12150016
DK,2012,6.4,16.8,0.2,43.5,1.511356820364545,18.0,32.0,2.0,97.5,100.0,100.0,100.0,80.0,100.0,100.0,100.0,100.0,0.14989792,0.124667816
DK,2013,6.3,16.5,0.3,45.5,1.4681977977571568,18.0,32.0,2.0,100.0,100.0,100.0,100.0,100.0,100.0,100.0,100.0,100.0,0.15010002,0.12583555
DK,2014,7.4,16.0,0.3,30.0,1.393241508795253,18.0,32.0,2.0,100.0,100.0,100.0,100.0,100.0,100.0,100.0,100.0,100.0,0.15154666,0.12744506
DK,2015,7.8,15.1,0.2,29.4,1.3249242599239788,18.0,32.0,2.0,100.0,100.0,100.0,100.0,100.0,100.0,100.0,100.0,100.0,0.15140471,0.1291728
DK,2016,6.9,15.1,0.4,29.4,1.291412033593985,18.0,32.0,2.0,100.0,100.0,100.0,100.0,100.0,100.0,100.0,100.0,100.0,0.15272713,0.13337101
DK,2017,6.7,14.8,0.4,40.9,1.2663164581094528,18.0,32.0,2.0,100.0,100.0,100.0,100.0,100.0,100.0,100.0,100.0,100.0,0.15575175,0.13690808
DK,2018,7.0,14.6,0.4,40.9,1.2552579846864638,18.0,32.0,2.0,100.0,100.0,100.0,100.0,100.0,100.0,100.0,100.0,100.0,0.15734628,0.13916379
DK,2019,7.2,17.7,0.4,31.6,1.2381408970045151,18.0,32.0,2.0,100.0,100.0,100.0,100.0,100.0,100.0,100.0,100.0,100.0,0.16209425,0.1455182
DK,2020,7.0,13.8,0.3,35.0,,18.0,32.0,2.0,100.0,100.0,100.0,100.0,100.0,100.0,100.0,100.0,100.0,0.16625342,0.14505018
DK,2021,6.9,14.2,0.2,30.0,,18.0,32.0,2.0,100.0,100.0,100.0,100.0,100.0,100.0,100.0,100.0,100.0,,
DK,2022,5.4,13.8,0.2,30.0,,18.0,32.0,2.0,100.0,100.0,100.0,100.0,100.0,100.0,100.0,100.0,100.0,,
DK,2023,5.6,14.0,0.2,36.4,,22.0,19.0,11.0,100.0,100.0,100.0,100.0,100.0,100.0,100.0,100.0,100.0,,
EE,2010,0.5,27.7,1.6,7.7,0.3415237338425615,20.0,146.0,0.0,88.125,100.0,100.0,100.0,80.0,100.0,75.0,100.0,50.0,0.25907218,0.2541145
EE,2011,4.9,27.3,1.5,7.7,0.316869972612084,20.0,146.0,0.0,91.25,100.0,100.0,100.0,80.0,100.0,100.0,100.0,50.0,0.26651862,0.2619691
EE,2012,4.1,29.9,1.8,7.7,0.338127857888863,20.0,146.0,0.0,91.25,100.0,100.0,100.0,80.0,100.0,100.0,100.0,50.0,0.27615032,0.27188575
EE,2013,5.2,29.8,1.4,7.7,0.2912170662972717,20.0,146.0,2.0,91.25,100.0,100.0,100.0,80.0,100.0,100.0,100.0,50.0,0.2736157,0.2700075
EE,2014,6.5,28.1,1.4,42.9,0.6899457091662775,20.0,146.0,2.0,91.25,100.0,100.0,100.0,80.0,100.0,100.0,100.0,50.0,0.28001767,0.27659088
EE,2015,6.3,26.7,1.7,13.3,0.7518774521197756,20.0,146.0,2.0,91.25,100.0,100.0,100.0,80.0,100.0,100.0,100.0,50.0,0.28411943,0.2816569
EE,2016,6.8,24.8,1.9,13.3,0.7705606937642985,20.0,146.0,2.0,91.25,100.0,100.0,100.0,80.0,100.0,100.0,100.0,50.0,0.28898612,0.28701988
EE,2017,4.9,24.9,1.8,26.7,0.7640807273389916,20.0,146.0,2.0,91.25,100.0,100.0,100.0,80.0,100.0,100.0,100.0,50.0,0.29649425,0.294547
EE,2018,6.0,21.8,1.8,26.7,0.7950995221513667,20.0,146.0,2.0,97.5,100.0,100.0,100.0,80.0,100.0,100.0,100.0,100.0,0.30232555,0.30050427
EE,2019,6.0,21.6,1.5,13.3,0.855774099894342,20.0,146.0,2.0,97.5,100.0,100.0,100.0,80.0,100.0,100.0,100.0,100.0,0.3104245,0.3086131
EE,2020,4.4,21.0,1.9,13.3,,20.0,62.0,2.0,97.5,100.0,100.0,100.0,80.0,100.0,100.0,100.0,100.0,0.32017764,0.3204789
EE,2021,3.7,20.3,0.8,46.7,,20.0,62.0,4.285714285714286,97.5,100.0,100.0,100.0,80.0,100.0,100.0,100.0,100.0,,
EE,2022,2.9,21.1,0.8,46.7,,14.285714285714286,67.85714285714286,4.285714285714286,97.5,100.0,100.0,100.0,80.0,100.0,100.0,100.0,100.0,,
EE,2023,2.4,19.6,0.9,38.5,,14.285714285714286,67.85714285714286,4.285714285714286,97.5,100.0,100.0,100.0,80.0,100.0,100.0,100.0,100.0,,
FI,2010,3.1,20.3,0.2,51.6,1.028425187224611,17.5,24.3,7.0,97.5,100.0,100.0,100.0,100.0,80.0,100.0,100.0,100.0,0.30425963,0.17424263
FI,2011,3.9,19.1,0.2,43.8,1.047955029848786,17.5,24.3,9.0,97.5,100.0,100.0,100.0,100.0,80.0,100.0,100.0,100.0,0.30293593,0.17595924
FI,2012,3.3,19.2,0.2,46.9,1.0898894233399825,17.5,24.3,9.0,97.5,100.0,100.0,100.0,100.0,80.0,100.0,100.0,100.0,0.30058876,0.19378981
FI,2013,2.9,18.8,0.3,53.1,1.1056871295657322,17.5,26.333333333333332,9.0,97.5,100.0,100.0,100.0,100.0,80.0,100.0,100.0,100.0,0.3032628,0.1957073
FI,2014,2.0,18.4,0.2,53.6,1.0938863299129518,17.5,26.333333333333332,9.0,97.5,100.0,100.0,100.0,100.0,80.0,100.0,100.0,100.0,0.30461058,0.19649845
FI,2015,2.1,17.5,0.3,33.3,1.1154192586985832,17.5,26.333333333333332,9.0,97.5,100.0,100.0,100.0,100.0,80.0,100.0,100.0,100.0,0.30737656,0.19919598
FI,2016,3.2,17.5,0.1,35.3,1.101507001719398,17.5,26.333333333333332,9.0,97.5,100.0,100.0,100.0,100.0,80.0,100.0,100.0,100.0,0.30941415,0.20032308
FI,2017,3.8,17.1,0.2,33.3,1.060431460753598,17.5,26.333333333333332,9.0,97.5,100.0,100.0,100.0,100.0,80.0,100.0,100.0,100.0,0.31350118,0.20214598
FI,2018,3.8,16.9,0.3,38.1,1.096753647274503,17.5,26.333333333333332,9.0,97.5,100.0,100.0,100.0,100.0,80.0,100.0,100.0,100.0,0.31773832,0.20544718
FI,2019,3.3,16.7,0.2,57.6,1.1291534991536658,17.5,26.333333333333332,9.0,97.5,100.0,100.0,100.0,100.0,80.0,100.0,100.0,100.0,0.32335585,0.20961623
FI,2020,3.3,16.9,0.2,54.5,,17.5,26.333333333333332,9.0,97.5,100.0,100.0,100.0,100.0,80.0,100.0,100.0,100.0,0.3476994,0.20371391
FI,2021,2.0,16.9,0.2,55.9,,17.5,26.333333333333332,9.0,97.5,100.0,100.0,100.0,100.0,80.0,100.0,100.0,100.0,,
FI,2022,1.2,16.0,,52.9,,17.5,26.333333333333332,9.0,97.5,100.0,100.0,100.0,100.0,80.0,100.0,100.0,100.0,,
FI,2023,0.2,16.8,,72.4,,6.67,37.166,16.1666,97.5,100.0,100.0,100.0,100.0,80.0,100.0,100.0,100.0,,
FR,2010,7.9,15.6,0.4,34.2,1.2117859913739282,16.0,,2.6,97.5,100.0,100.0,100.0,100.0,80.0,100.0,100.0,100.0,0.19103459,0.19660789
FR,2011,8.1,15.7,0.4,26.5,1.2114990714847105,16.0,,2.6,97.5,100.0,100.0,100.0,100.0,80.0,100.0,100.0,100.0,0.196378,0.200896
FR,2012,7.6,15.6,0.3,48.7,1.2398783449175257,16.0,,2.6,97.5,100.0,100.0,100.0,100.0,80.0,100.0,100.0,100.0,0.21062528,0.21015055
FR,2013,6.9,15.5,0.8,47.4,1.3057311300788197,16.0,,2.6,97.5,100.0,100.0,100.0,100.0,80.0,100.0,100.0,100.0,0.210843,0.21027233
FR,2014,6.1,15.5,0.8,47.1,1.309603464498346,16.0,,28.6,97.5,100.0,100.0,100.0,100.0,80.0,100.0,100.0,100.0,0.21726747,0.21787435
FR,2015,5.9,15.6,1.2,48.5,1.3161523419814083,16.0,,,97.5,100.0,100.0,100.0,100.0,80.0,100.0,100.0,100.0,0.2123125,0.22375824
FR,2016,6.1,15.9,1.0,47.4,1.3087135141700683,16.0,,,97.5,100.0,100.0,100.0,100.0,80.0,100.0,100.0,100.0,0.21069664,0.22660242
FR,2017,6.6,16.3,1.1,50.0,1.315664045000168,16.0,,,97.5,100.0,100.0,100.0,100.0,80.0,100.0,100.0,100.0,0.21103893,0.2269504
FR,2018,6.4,16.7,1.0,48.6,1.28627407676797,16.0,,,100.0,100.0,100.0,100.0,100.0,100.0,100.0,100.0,100.0,0.21402836,0.23132917
FR,2019,5.9,16.0,1.0,48.6,1.2648417295759786,16.0,,,100.0,100.0,100.0,100.0,100.0,100.0,100.0,100.0,100.0,0.22505414,0.24544713
FR,2020,5.7,15.0,0.9,51.2,1.2914918751925906,16.0,,,100.0,100.0,100.0,100.0,100.0,100.0,100.0,100.0,100.0,0.22950456,0.2523888
FR,2021,6.2,13.7,0.7,51.2,,16.0,,,100.0,100.0,100.0,100.0,100.0,100.0,100.0,100.0,100.0,,
FR,2022,5.8,12.8,0.7,50.0,,16.0,,,100.0,100.0,100.0,100.0,100.0,100.0,100.0,100.0,100.0,,
FR,2023,5.5,12.3,0.7,50.0,,16.0,,,100.0,100.0,100.0,100.0,100.0,100.0,100.0,100.0,100.0,,
DE,2010,10.5,22.3,1.0,28.3,0.4709055093373137,14.0,44.0,8.6666,96.875,100.0,100.0,75.0,100.0,100.0,100.0,100.0,100.0,0.14827734,0.14699982
DE,2011,10.3,22.4,1.2,28.3,0.4831568175467522,14.0,44.0,8.6666,96.875,100.0,100.0,75.0,100.0,100.0,100.0,100.0,100.0,0.15231256,0.15125307
DE,2012,10.3,22.7,1.3,28.3,0.5327673776396816,14.0,44.0,8.6666,96.875,100.0,100.0,75.0,100.0,100.0,100.0,100.0,100.0,0.14970107,0.14862756
DE,2013,9.5,22.1,1.2,27.3,0.587464095552322,14.0,44.0,8.6666,96.875,100.0,100.0,75.0,100.0,100.0,100.0,100.0,100.0,0.14842017,0.14724901
DE,2014,9.0,22.3,1.1,42.9,0.6004560264849634,14.0,44.0,8.6666,96.875,100.0,100.0,75.0,100.0,100.0,100.0,100.0,100.0,0.14886221,0.14782873
DE,2015,8.5,21.8,1.1,40.8,0.6172120745578417,14.0,44.0,8.6666,96.875,100.0,100.0,75.0,100.0,100.0,100.0,100.0,100.0,0.14832659,0.14727138
DE,2016,8.0,21.1,1.1,40.8,0.6440603177770959,14.0,44.0,8.6666,96.875,100.0,100.0,75.0,100.0,100.0,100.0,100.0,100.0,0.1477718,0.14665061
DE,2017,7.8,20.4,1.1,42.2,0.678871306492063,14.0,44.0,8.6666,96.875,100.0,100.0,75.0,100.0,100.0,100.0,100.0,100.0,0.1486123,0.14751086
DE,2018,7.8,20.1,1.1,39.2,0.7045385948327213,14.0,44.0,8.6666,96.875,100.0,100.0,75.0,100.0,100.0,100.0,100.0,100.0,0.15007004,0.14902066
DE,2019,7.9,19.2,1.0,40.8,0.7507805819014106,14.0,44.0,8.6666,100.0,100.0,100.0,100.0,100.0,100.0,100.0,100.0,100.0,0.1546054,0.15378773
DE,2020,7.4,18.3,,41.2,,14.0,44.0,8.6666,100.0,100.0,100.0,100.0,100.0,100.0,100.0,100.0,100.0,0.16038556,0.15994014
DE,2021,7.3,17.6,1.4,40.8,,14.0,44.0,8.6666,100.0,100.0,100.0,100.0,100.0,100.0,100.0,100.0,100.0,,
DE,2022,7.5,17.7,1.4,50.0,,14.0,44.0,8.6666,100.0,100.0,100.0,100.0,100.0,100.0,100.0,100.0,100.0,,
DE,2023,7.4,17.6,1.3,48.1,,14.0,44.0,8.6666,100.0,100.0,100.0,100.0,100.0,100.0,100.0,100.0,100.0,,
GR,2010,,,,,0.0338389103844022,43.0,0.0,0.4,85.0,100.0,100.0,75.0,100.0,80.0,75.0,100.0,50.0,0.21321537,0.14280394
GR,2011,,,,,0.0429513669297219,43.0,0.0,0.4,88.125,100.0,100.0,75.0,100.0,80.0,100.0,100.0,50.0,0.2162526,0.14917223
GR,2012,,,,,0.3184840752055562,43.0,0.0,0.4,97.5,100.0,100.0,100.0,100.0,80.0,100.0,100.0,100.0,0.22631525,0.16497353
GR,2013,,,,,0.3456166529977567,43.0,0.0,0.4,97.5,100.0,100.0,100.0,100.0,80.0,100.0,100.0,100.0,0.23040742,0.1733819
GR,2014,,,,,0.3551001190235289,43.0,0.0,0.4,97.5,100.0,100.0,100.0,100.0,80.0,100.0,100.0,100.0,0.23177615,0.18237294
GR,2015,,,,,0.3412687514532713,43.0,0.0,0.4,97.5,100.0,100.0,100.0,100.0,80.0,100.0,100.0,100.0,0.24583232,0.22960821
GR,2016,,,,,0.3226062497116699,43.0,0.0,0.4,97.5,100.0,100.0,100.0,100.0,80.0,100.0,100.0,100.0,0.260166,0.2501254
GR,2017,,,,,0.3067762231357767,43.0,0.0,0.4,97.5,100.0,100.0,100.0,100.0,80.0,100.0,100.0,100.0,0.26335603,0.2562364
GR,2018,,,,,0.3176741091497169,43.0,0.0,0.4,97.5,100.0,100.0,100.0,100.0,80.0,100.0,100.0,100.0,0.26512468,0.25225064
GR,2019,,,,,0.3393693367764693,43.0,0.0,0.4,97.5,100.0,100.0,100.0,100.0,80.0,100.0,100.0,100.0,0.25085846,0.23075609
GR,2020,,,,,,43.0,0.0,0.4,97.5,100.0,100.0,100.0,100.0,80.0,100.0,100.0,100.0,0.1537037,0.25833333
GR,2021,,,,,,43.0,0.0,0.4,97.5,100.0,100.0,100.0,100.0,80.0,100.0,100.0,100.0,,
GR,2022,,,,,,43.0,8.6666,11.46666,100.0,100.0,100.0,100.0,100.0,100.0,100.0,100.0,100.0,,
GR,2023,,,,,,56.0,8.666660000000002,11.46666,100.0,100.0,100.0,100.0,100.0,100.0,100.0,100.0,100.0,,
HU,2010,6.6,17.6,1.4,0.0,0.6437042547107124,24.0,84.0,1.0,78.75,100.0,75.0,50.0,80.0,100.0,100.0,100.0,25.0,0.3145871,0.31433877
HU,2011,7.3,18.0,1.6,0.0,0.6191043119863415,24.0,84.0,1.0,81.25,100.0,75.0,50.0,100.0,100.0,100.0,100.0,25.0,0.31475407,0.31433102
HU,2012,6.9,20.1,1.4,9.1,0.618422886709846,24.0,84.0,1.0,90.625,100.0,75.0,50.0,100.0,100.0,100.0,100.0,100.0,0.3176623,0.3166532
HU,2013,8.1,18.4,1.5,10.0,0.6208089738175583,24.0,84.0,1.0,93.75,100.0,75.0,75.0,100.0,100.0,100.0,100.0,100.0,0.31266618,0.31219
HU,2014,9.4,15.1,1.5,0.0,0.6918123732054331,24.0,84.0,1.0,93.75,100.0,75.0,75.0,100.0,100.0,100.0,100.0,100.0,0.31279984,0.31346238
HU,2015,9.6,14.0,1.7,0.0,0.7122783339219232,24.0,84.0,1.0,93.75,100.0,75.0,75.0,100.0,100.0,100.0,100.0,100.0,0.29926348,0.3003048
HU,2016,9.7,14.0,1.6,0.0,0.7207639008135839,24.0,84.0,1.0,93.75,100.0,75.0,75.0,100.0,100.0,100.0,100.0,100.0,0.30117255,0.3028197
HU,2017,11.1,15.9,1.4,0.0,0.6818582751290874,24.0,84.0,1.0,93.75,100.0,75.0,75.0,100.0,100.0,100.0,100.0,100.0,0.3170172,0.31981406
HU,2018,10.8,14.2,1.4,7.1,0.6633062573863874,24.0,84.0,1.0,93.75,100.0,75.0,75.0,100.0,100.0,100.0,100.0,100.0,0.31593025,0.3167611
HU,2019,11.1,18.2,1.4,14.3,0.662989448529626,24.0,84.0,1.0,93.75,100.0,75.0,75.0,100.0,100.0,100.0,100.0,100.0,0.31578425,0.31623527
HU,2020,11.2,17.1,1.6,20.0,,24.0,84.0,1.0,93.75,100.0,75.0,75.0,100.0,100.0,100.0,100.0,100.0,0.15865801,0.0
HU,2021,10.6,17.2,0.6,20.0,,24.0,84.0,1.0,93.75,100.0,75.0,75.0,100.0,100.0,100.0,100.0,100.0,,
HU,2022,9.8,17.5,0.5,6.7,,24.0,84.0,1.0,93.75,100.0,75.0,75.0,100.0,100.0,100.0,100.0,100.0,,
HU,2023,9.1,17.8,0.4,0.0,,24.0,84.0,10.8,93.75,100.0,75.0,75.0,100.0,100.0,100.0,100.0,100.0,,
IE,2010,9.0,13.9,0.8,16.7,0.4807697053071076,42.0,0.0,0.0,95.0,100.0,100.0,100.0,100.0,60.0,100.0,100.0,100.0,0.32330886,0.32336518
IE,2011,8.9,12.7,0.9,20.0,0.4617837066722281,42.0,0.0,0.0,95.0,100.0,100.0,100.0,100.0,60.0,100.0,100.0,100.0,0.32645667,0.32650328
IE,2012,8.6,12.2,0.9,16.7,0.4895862496550356,42.0,0.0,0.0,95.0,100.0,100.0,100.0,100.0,60.0,100.0,100.0,100.0,0.32864195,0.3286796
IE,2013,10.6,12.9,1.0,13.3,0.4654240897498021,42.0,0.0,0.0,95.0,100.0,100.0,100.0,100.0,60.0,100.0,100.0,100.0,0.3303912,0.33040208
IE,2014,11.8,13.9,0.9,20.0,0.4250904712399908,42.0,0.0,0.0,95.0,100.0,100.0,100.0,100.0,60.0,100.0,100.0,100.0,0.3346184,0.33460325
IE,2015,12.4,13.9,0.8,20.0,0.3298453125860291,42.0,0.0,0.0,95.0,100.0,100.0,100.0,100.0,60.0,100.0,100.0,100.0,0.33756307,0.3375531
IE,2016,12.2,14.2,0.7,24.2,0.3324659286148456,42.0,0.0,0.0,95.0,100.0,100.0,100.0,100.0,60.0,100.0,100.0,100.0,0.33444694,0.33445486
IE,2017,12.2,14.4,1.8,20.6,0.3418364814284164,42.0,0.0,2.0,95.0,100.0,100.0,100.0,100.0,60.0,100.0,100.0,100.0,0.33084217,0.33083448
IE,2018,12.3,11.3,3.0,20.6,0.3365270047916014,42.0,0.0,2.0,97.5,100.0,100.0,100.0,100.0,80.0,100.0,100.0,100.0,0.32954797,0.3295347
IE,2019,12.5,10.3,2.7,20.6,0.3312067587958499,42.0,0.0,2.0,97.5,100.0,100.0,100.0,100.0,80.0,100.0,100.0,100.0,0.33542076,0.33541015
IE,2020,12.7,9.0,2.6,25.7,,42.0,2.0,4.0,97.5,100.0,100.0,100.0,100.0,80.0,100.0,100.0,100.0,0.35294074,0.35296863
IE,2021,10.1,9.9,2.2,25.7,,42.0,5.0,7.0,100.0,100.0,100.0,100.0,100.0,100.0,100.0,100.0,100.0,,
IE,2022,11.4,9.3,1.7,25.7,,42.0,5.0,7.0,100.0,100.0,100.0,100.0,100.0,100.0,100.0,100.0,100.0,,
IE,2023,9.9,8.6,1.8,28.6,,42.0,7.0,9.0,100.0,100.0,100.0,100.0,100.0,100.0,100.0,100.0,100.0,,
IT,2010,22.7,5.3,2.7,19.4,0.5271168145788951,21.666666666666668,26.0,0.0,89.375,100.0,100.0,100.0,60.0,80.0,100.0,100.0,75.0,0.20355025,0.19619945
IT,2011,22.1,5.7,2.4,21.9,0.5149178702780384,21.666666666666668,26.0,0.0,89.375,100.0,100.0,100.0,60.0,80.0,100.0,100.0,75.0,0.20614634,0.19777565
IT,2012,20.5,6.5,2.7,13.0,0.5378189053503826,21.7,26.0,0.0,89.375,100.0,100.0,100.0,60.0,80.0,100.0,100.0,75.0,0.20258275,0.19137582
IT,2013,19.2,7.0,2.5,24.2,0.5452933326042767,21.7,26.0,0.2,89.375,100.0,100.0,100.0,60.0,80.0,100.0,100.0,75.0,0.21107762,0.19795705
IT,2014,18.9,6.1,2.5,27.1,0.5420558110246783,21.7,26.0,0.2,91.875,100.0,100.0,100.0,60.0,100.0,100.0,100.0,75.0,0.23255533,0.20540567
IT,2015,19.7,5.5,2.4,26.3,0.5594342948514156,21.7,26.0,0.2,94.375,100.0,100.0,100.0,80.0,100.0,100.0,100.0,75.0,0.23071207,0.21686721
IT,2016,19.9,5.3,2.3,25.4,0.5266958961112688,21.7,26.0,0.4,94.375,100.0,100.0,100.0,80.0,100.0,100.0,100.0,75.0,0.23599173,0.21591559
IT,2017,19.7,5.0,2.3,28.1,0.5485643500025938,21.7,26.0,0.4,94.375,100.0,100.0,100.0,80.0,100.0,100.0,100.0,75.0,0.24095388,0.2203729
IT,2018,19.7,5.5,2.3,16.7,0.5544755916888978,21.7,26.0,0.8,94.375,100.0,100.0,100.0,80.0,100.0,100.0,100.0,75.0,0.25140548,0.21904457
IT,2019,19.4,4.6,2.1,33.8,0.5646234172633013,21.7,26.0,1.0,97.5,100.0,100.0,100.0,80.0,100.0,100.0,100.0,100.0,0.24874704,0.22200611
IT,2020,19.7,4.0,2.0,33.8,,21.7,26.0,1.4,97.5,100.0,100.0,100.0,80.0,100.0,100.0,100.0,100.0,0.25162816,0.19333334
IT,2021,19.2,4.7,1.8,43.1,,21.7,26.0,2.0,97.5,100.0,100.0,100.0,80.0,100.0,100.0,100.0,100.0,,
IT,2022,19.7,3.8,1.5,31.1,,21.7,26.0,2.0,97.5,100.0,100.0,100.0,80.0,100.0,100.0,100.0,100.0,,
IT,2023,19.5,2.2,1.4,29.7,,21.7,26.0,15.0,97.5,100.0,100.0,100.0,80.0,100.0,100.0,100.0,100.0,,
LV,2010,-0.6,15.5,1.7,26.3,0.7532405089385086,,,,97.5,100.0,100.0,100.0,80.0,100.0,100.0,100.0,100.0,0.31769267,0.38899836
LV,2011,2.0,14.1,2.0,28.6,0.7582960422758893,,,,97.5,100.0,100.0,100.0,80.0,100.0,100.0,100.0,100.0,0.32720518,0.36775956
LV,2012,3.6,14.9,1.6,30.8,0.733894742564511,,,,97.5,100.0,100.0,100.0,80.0,100.0,100.0,100.0,100.0,0.3311181,0.34971428
LV,2013,4.2,16.0,1.5,28.0,0.7770775467881902,,,,97.5,100.0,100.0,100.0,80.0,100.0,100.0,100.0,100.0,0.33603817,0.32958937
LV,2014,4.5,17.3,1.7,24.0,0.8341578479999473,16.0,78.0,1.4285714285714286,97.5,100.0,100.0,100.0,80.0,100.0,100.0,100.0,100.0,0.33762515,0.3307116
LV,2015,4.1,18.4,1.6,25.9,0.8174848184758536,16.0,78.0,1.4285714285714286,100.0,100.0,100.0,100.0,100.0,100.0,100.0,100.0,100.0,0.338379,0.34848484
LV,2016,2.8,19.7,1.6,21.4,0.796996886248145,16.0,78.0,1.4285714285714286,100.0,100.0,100.0,100.0,100.0,100.0,100.0,100.0,100.0,0.33783993,0.31761006
LV,2017,4.3,19.8,1.1,22.2,0.8143815199328797,16.0,78.0,1.4285714285714286,100.0,100.0,100.0,100.0,100.0,100.0,100.0,100.0,100.0,0.336135,0.3372093
LV,2018,4.3,19.6,0.8,25.9,0.7710166277735627,16.0,78.0,1.4285714285714286,100.0,100.0,100.0,100.0,100.0,100.0,100.0,100.0,100.0,0.33925357,0.4027778
LV,2019,3.7,21.6,1.0,28.6,0.8016522421197415,16.0,78.0,1.4285714285714286,100.0,100.0,100.0,100.0,100.0,100.0,100.0,100.0,100.0,0.34241682,0.39285713
LV,2020,3.7,23.2,1.5,25.9,,16.0,78.0,1.4285714285714286,100.0,100.0,100.0,100.0,100.0,100.0,100.0,100.0,100.0,0.29007098,
LV,2021,4.8,15.9,1.1,28.6,,16.0,78.0,1.4285714285714286,100.0,100.0,100.0,100.0,100.0,100.0,100.0,100.0,100.0,,
LV,2022,3.1,18.9,,28.6,,16.0,78.0,1.4285714285714286,100.0,100.0,100.0,100.0,100.0,100.0,100.0,100.0,100.0,,
LV,2023,3.1,16.4,,34.5,,16.0,78.0,10.666,100.0,100.0,100.0,100.0,100.0,100.0,100.0,100.0,100.0,,
LT,2010,-1.5,11.9,0.7,19.6,0.7900581415320552,,,,91.25,100.0,100.0,100.0,80.0,100.0,100.0,100.0,50.0,0.4244599,0.45968583
LT,2011,0.6,11.5,0.6,17.3,0.8027260319323893,,,,91.25,100.0,100.0,100.0,80.0,100.0,100.0,100.0,50.0,0.41725186,0.45091337
LT,2012,1.2,11.9,,13.7,0.570466948320835,,,,91.25,100.0,100.0,100.0,80.0,100.0,100.0,100.0,50.0,0.42255607,0.45276883
LT,2013,2.6,12.2,0.7,18.3,0.5947092111409017,,,,93.75,100.0,100.0,100.0,100.0,100.0,100.0,100.0,50.0,0.42534715,0.45085534
LT,2014,2.5,13.3,0.6,20.4,0.6257020288392325,18.0,44.0,4.0,93.75,100.0,100.0,100.0,100.0,100.0,100.0,100.0,50.0,0.42872548,0.45503578
LT,2015,2.4,14.2,0.3,21.3,0.6659498754463145,18.0,44.0,4.0,93.75,100.0,100.0,100.0,100.0,100.0,100.0,100.0,50.0,0.41785404,0.44492862
LT,2016,1.9,14.4,0.2,24.1,0.7395874172637652,18.0,44.0,4.0,93.75,100.0,100.0,100.0,100.0,100.0,100.0,100.0,50.0,0.43078786,0.4581216
LT,2017,1.0,15.2,0.2,26.4,0.76533273646643,18.0,44.0,4.0,93.75,100.0,100.0,100.0,100.0,100.0,100.0,100.0,50.0,0.4273548,0.45248556
LT,2018,2.3,14.0,0.2,25.5,0.8595356078739492,18.0,44.0,4.0,93.75,100.0,100.0,100.0,100.0,100.0,100.0,100.0,50.0,0.41365865,0.4310348
LT,2019,1.6,12.9,0.2,32.8,0.8830436466083872,18.0,44.0,4.0,93.75,100.0,100.0,100.0,100.0,100.0,100.0,100.0,50.0,0.35642475,0.3562699
LT,2020,1.7,12.3,,33.3,,18.0,44.0,4.0,93.75,100.0,100.0,100.0,100.0,100.0,100.0,100.0,50.0,0.2265625,0.32882884
LT,2021,1.4,10.9,0.3,43.8,,18.0,44.0,4.0,93.75,100.0,100.0,100.0,100.0,100.0,100.0,100.0,50.0,,
LT,2022,0.8,10.5,0.3,41.5,,18.0,44.0,4.0,93.75,100.0,100.0,100.0,100.0,100.0,100.0,100.0,50.0,,
LT,2023,1.5,11.5,0.3,45.3,,18.0,61.66666,12.666,93.75,100.0,100.0,100.0,100.0,100.0,100.0,100.0,50.0,,
LU,2010,17.2,8.7,1.8,26.7,0.4987507993297128,16.0,26.0,26.4,95.0,100.0,100.0,100.0,80.0,80.0,100.0,100.0,100.0,0.18314469,0.18149397
LU,2011,16.2,7.9,1.7,26.7,0.499559623789349,16.0,26.0,26.4,95.0,100.0,100.0,100.0,80.0,80.0,100.0,100.0,100.0,0.1771117,0.17473294
LU,2012,14.4,7.0,1.4,26.7,0.6162264827859067,16.0,26.0,26.4,97.5,100.0,100.0,100.0,80.0,100.0,100.0,100.0,100.0,0.18042918,0.17900848
LU,2013,14.1,6.2,1.2,26.7,0.7310003980283815,16.0,26.0,26.4,97.5,100.0,100.0,100.0,80.0,100.0,100.0,100.0,100.0,0.18110879,0.17675076
LU,2014,12.9,5.4,1.4,27.8,0.7003360331292566,16.0,26.0,26.4,97.5,100.0,100.0,100.0,80.0,100.0,100.0,100.0,100.0,0.19072299,0.18596134
LU,2015,11.7,4.7,2.0,27.8,0.7127158275347868,16.0,26.0,26.4,97.5,100.0,100.0,100.0,80.0,100.0,100.0,100.0,100.0,0.18619315,0.17748035
LU,2016,11.0,3.9,1.7,22.2,0.753447334286601,16.0,26.0,26.4,100.0,100.0,100.0,100.0,100.0,100.0,100.0,100.0,100.0,0.18874326,0.18003486
LU,2017,7.9,2.6,2.0,22.2,0.8071827838106431,16.0,26.0,26.4,100.0,100.0,100.0,100.0,100.0,100.0,100.0,100.0,100.0,0.1931525,0.18668526
LU,2018,8.0,1.4,1.7,22.2,0.8529667356407139,20.0,26.0,28.0,100.0,100.0,100.0,100.0,100.0,100.0,100.0,100.0,100.0,0.19402403,0.18841238
LU,2019,9.1,0.9,1.2,29.4,0.9384362015537728,20.0,26.0,28.0,100.0,100.0,100.0,100.0,100.0,100.0,100.0,100.0,100.0,0.20036153,0.20034637
LU,2020,7.1,0.3,1.1,29.4,,20.0,26.0,28.0,100.0,100.0,100.0,100.0,100.0,100.0,100.0,100.0,100.0,0.1846981,0.1851733
LU,2021,7.4,-0.2,0.8,29.4,,20.0,26.0,28.0,100.0,100.0,100.0,100.0,100.0,100.0,100.0,100.0,100.0,,
LU,2022,6.5,-0.7,0.5,35.3,,20.0,26.0,28.0,100.0,100.0,100.0,100.0,100.0,100.0,100.0,100.0,100.0,,
LU,2023,6.8,-0.9,,29.4,,20.0,26.0,28.0,100.0,100.0,100.0,100.0,100.0,100.0,100.0,100.0,100.0,,
MT,2010,36.6,7.2,1.1,15.4,,,,,77.5,100.0,100.0,75.0,60.0,60.0,100.0,100.0,25.0,0.1595146,0.13111112
MT,2011,35.2,7.7,2.0,14.3,,,,,77.5,100.0,100.0,75.0,60.0,60.0,100.0,100.0,25.0,0.16862954,0.11687243
MT,2012,31.4,9.5,2.1,15.4,,,,,77.5,100.0,100.0,75.0,60.0,60.0,100.0,100.0,25.0,0.15979879,0.11176801
MT,2013,28.6,9.7,1.8,8.7,,,,,82.5,100.0,100.0,75.0,100.0,60.0,100.0,100.0,25.0,0.16263066,0.117119
MT,2014,26.8,10.6,1.6,8.7,,,,,82.5,100.0,100.0,75.0,100.0,60.0,100.0,100.0,25.0,0.16029309,0.118287876
MT,2015,26.8,10.7,1.9,8.7,,,,,82.5,100.0,100.0,75.0,100.0,60.0,100.0,100.0,25.0,0.16339166,0.10941489
MT,2016,25.5,11.6,1.8,13.0,,,,,88.75,100.0,100.0,75.0,100.0,60.0,100.0,100.0,75.0,0.16242217,0.109466374
MT,2017,24.1,13.2,1.5,12.0,,,,,88.75,100.0,100.0,75.0,100.0,60.0,100.0,100.0,75.0,0.16150653,0.10980084
MT,2018,22.3,13.0,1.1,12.0,,,,,88.75,100.0,100.0,75.0,100.0,60.0,100.0,100.0,75.0,0.17058945,0.10308908
MT,2019,22.0,10.5,1.1,8.7,,,,,88.75,100.0,100.0,75.0,100.0,60.0,100.0,100.0,75.0,0.19910353,0.22764228
MT,2020,18.9,7.9,0.7,7.7,,,,,88.75,100.0,100.0,75.0,100.0,60.0,100.0,100.0,75.0,0.2,0.0
MT,2021,17.6,7.2,0.6,11.5,,,,,88.75,100.0,100.0,75.0,100.0,60.0,100.0,100.0,75.0,,
MT,2022,13.3,5.8,,20.0,,,,,88.75,100.0,100.0,75.0,100.0,60.0,100.0,100.0,75.0,,
MT,2023,14.1,5.1,,20.0,,,,,91.25,100.0,100.0,75.0,100.0,80.0,100.0,100.0,75.0,,
NL,2010,12.1,17.8,0.2,35.7,0.8328564254279265,16.0,26.0,26.4,95.0,100.0,100.0,100.0,80.0,80.0,100.0,100.0,100.0,,
NL,2011,11.4,18.8,0.3,20.0,0.8150283151305664,16.0,26.0,26.4,95.0,100.0,100.0,100.0,80.0,80.0,100.0,100.0,100.0,,
NL,2012,10.8,18.0,0.3,35.0,0.7327495612328973,16.0,26.0,26.4,95.0,100.0,100.0,100.0,80.0,80.0,100.0,100.0,100.0,,
NL,2013,9.9,17.2,0.2,40.0,0.6737607405713869,16.0,26.0,26.4,95.0,100.0,100.0,100.0,80.0,80.0,100.0,100.0,100.0,,
NL,2014,10.9,17.0,0.3,40.0,0.6217384001429508,16.0,26.0,26.4,95.0,100.0,100.0,100.0,80.0,80.0,100.0,100.0,100.0,,
NL,2015,10.6,16.1,0.3,35.0,0.5908005994133402,16.0,0.0,0.4,95.0,100.0,100.0,100.0,80.0,80.0,100.0,100.0,100.0,,
NL,2016,10.5,15.6,0.3,35.0,0.6289671441700773,16.0,0.0,0.4,97.5,100.0,100.0,100.0,100.0,80.0,100.0,100.0,100.0,,
NL,2017,9.9,15.1,0.3,41.7,0.6623353239061107,16.0,0.0,0.4,97.5,100.0,100.0,100.0,100.0,80.0,100.0,100.0,100.0,,
NL,2018,9.6,14.7,0.2,41.7,0.6840597839498597,16.0,0.0,0.4,97.5,100.0,100.0,100.0,100.0,80.0,100.0,100.0,100.0,,
NL,2019,8.9,14.9,0.2,43.5,0.7309571800185719,16.0,0.0,1.0,97.5,100.0,100.0,100.0,100.0,80.0,100.0,100.0,100.0,,
NL,2020,8.4,14.7,0.2,48.0,,16.0,0.0,1.0,97.5,100.0,100.0,100.0,100.0,80.0,100.0,100.0,100.0,,
NL,2021,8.2,14.3,0.9,30.4,,16.0,0.0,6.0,97.5,100.0,100.0,100.0,100.0,80.0,100.0,100.0,100.0,,
NL,2022,7.9,14.0,0.9,48.3,,16.0,9.0,6.0,97.5,100.0,100.0,100.0,100.0,80.0,100.0,100.0,100.0,,
NL,2023,7.8,12.5,0.9,53.6,,16.0,9.0,15.0,100.0,100.0,100.0,100.0,100.0,100.0,100.0,100.0,100.0,,
PL,2010,13.2,4.5,2.7,18.1,0.4797407322420385,22.0,0.0,1.0,73.125,100.0,75.0,25.0,100.0,60.0,75.0,100.0,50.0,0.1782341,0.17915969
PL,2011,13.5,5.5,2.7,20.2,0.5121708914416921,22.0,0.0,1.0,76.25,100.0,75.0,50.0,100.0,60.0,75.0,100.0,50.0,0.17986664,0.18055342
PL,2012,13.5,6.4,2.8,26.3,0.5459655287962243,24.0,0.0,2.0,85.0,100.0,100.0,50.0,100.0,80.0,100.0,100.0,50.0,0.18354534,0.18371002
PL,2013,13.7,7.1,2.8,27.7,0.585355044318295,26.0,26.0,2.0,85.0,100.0,100.0,50.0,100.0,80.0,100.0,100.0,50.0,0.18344383,0.18385595
PL,2014,13.6,7.7,2.7,29.6,0.6141076918312058,26.0,26.0,2.0,84.375,100.0,100.0,50.0,100.0,100.0,100.0,100.0,25.0,0.18673982,0.18669888
PL,2015,13.0,7.3,2.5,29.1,0.5801494854290017,26.0,26.0,2.0,84.375,100.0,100.0,50.0,100.0,100.0,100.0,100.0,25.0,0.18709186,0.18701844
PL,2016,13.4,7.1,2.7,17.6,0.5968166131558739,20.0,32.0,2.0,84.375,100.0,100.0,50.0,100.0,100.0,100.0,100.0,25.0,0.18243437,0.18253085
PL,2017,14.0,7.0,2.8,18.9,0.4552633761090743,20.0,32.0,2.0,84.375,100.0,100.0,50.0,100.0,100.0,100.0,100.0,25.0,0.19755338,0.19737296
PL,2018,13.8,8.5,2.8,17.0,0.5042574903785195,20.0,32.0,2.0,93.75,100.0,100.0,100.0,100.0,100.0,100.0,100.0,50.0,0.21174227,0.21095508
PL,2019,14.6,6.5,3.0,15.1,0.580781694043997,20.0,32.0,2.0,93.75,100.0,100.0,100.0,100.0,100.0,100.0,100.0,50.0,0.24882297,0.24516071
PL,2020,14.8,4.5,2.8,20.4,,20.0,32.0,2.0,93.75,100.0,100.0,100.0,100.0,100.0,100.0,100.0,50.0,0.1443767,0.15625
PL,2021,13.9,6.2,1.4,19.4,,20.0,32.0,2.0,93.75,100.0,100.0,100.0,100.0,100.0,100.0,100.0,50.0,,
PL,2022,12.9,7.8,0.9,20.2,,20.0,32.0,2.0,93.75,100.0,100.0,100.0,100.0,100.0,100.0,100.0,50.0,,
PL,2023,11.8,5.9,1.0,20.6,,20.0,32.0,11.0,93.75,100.0,100.0,100.0,100.0,100.0,100.0,100.0,50.0,,
PT,2010,9.9,12.8,,18.2,0.3875043655524818,6.428571428571429,23.715714285714284,21.285714285714285,97.5,100.0,100.0,100.0,80.0,100.0,100.0,100.0,100.0,0.23335528,0.24019375
PT,2011,8.9,12.9,0.7,16.7,0.3719063929426,6.428571428571429,23.715714285714284,21.285714285714285,97.5,100.0,100.0,100.0,80.0,100.0,100.0,100.0,100.0,0.2366739,0.24347425
PT,2012,6.7,15.0,0.8,14.3,0.3768541932217296,6.428571428571429,23.715714285714284,21.285714285714285,97.5,100.0,100.0,100.0,80.0,100.0,100.0,100.0,100.0,0.2783651,0.27932674
PT,2013,6.1,13.3,0.8,14.3,0.4061691215156539,6.428571428571429,23.715714285714284,21.2857142857143,97.5,100.0,100.0,100.0,80.0,100.0,100.0,100.0,100.0,0.27055472,0.27196208
PT,2014,6.5,14.9,0.9,14.3,0.415058402357558,6.428571428571429,23.715714285714284,21.2857142857143,97.5,100.0,100.0,100.0,80.0,100.0,100.0,100.0,100.0,0.3280054,0.3316673
PT,2015,6.4,16.0,0.7,33.9,0.3834442225994161,6.0,24.142857142857142,21.2857142857143,97.5,100.0,100.0,100.0,80.0,100.0,100.0,100.0,100.0,0.3286712,0.33283162
PT,2016,6.2,13.9,0.7,32.2,0.3716253364404463,6.0,24.142857142857142,22.2857142857143,97.5,100.0,100.0,100.0,80.0,100.0,100.0,100.0,100.0,0.33373204,0.3376206
PT,2017,7.1,10.8,0.7,32.8,0.3826599118752602,6.0,24.142857142857142,22.2857142857143,97.5,100.0,100.0,100.0,80.0,100.0,100.0,100.0,100.0,0.33324456,0.3370472
PT,2018,6.5,8.9,0.6,36.1,0.3490135573159867,6.0,24.142857142857142,22.2857142857143,97.5,100.0,100.0,100.0,80.0,100.0,100.0,100.0,100.0,0.33176276,0.3353762
PT,2019,6.8,9.4,0.6,37.1,0.343940304289325,6.0,24.142857142857142,22.2857142857143,97.5,100.0,100.0,100.0,80.0,100.0,100.0,100.0,100.0,0.33224335,0.3358604
PT,2020,5.6,8.3,0.9,38.6,,6.0,24.142857142857142,22.2857142857143,100.0,100.0,100.0,100.0,100.0,100.0,100.0,100.0,100.0,0.25038242,0.28051463
PT,2021,5.7,7.1,0.5,37.1,,6.0,24.142857142857142,22.2857142857143,100.0,100.0,100.0,100.0,100.0,100.0,100.0,100.0,100.0,,
PT,2022,5.8,6.3,0.5,35.1,,6.0,24.142857142857142,22.2857142857143,100.0,100.0,100.0,100.0,100.0,100.0,100.0,100.0,100.0,,
PT,2023,5.5,8.6,0.5,36.2,,6.0,24.142857142857142,22.2857142857143,100.0,100.0,100.0,100.0,100.0,100.0,100.0,100.0,100.0,,
RO,2010,17.5,8.8,0.3,11.8,,,,,90.625,100.0,100.0,100.0,100.0,100.0,100.0,100.0,25.0,0.23039335,0.20894758
RO,2011,16.7,9.6,0.2,16.7,,,,,90.625,100.0,100.0,100.0,100.0,100.0,100.0,100.0,25.0,0.24398735,0.22730887
RO,2012,17.2,6.9,0.2,19.0,,,,,90.625,100.0,100.0,100.0,100.0,100.0,100.0,100.0,25.0,0.23477902,0.23147945
RO,2013,17.2,4.9,0.2,21.4,,,,,90.625,100.0,100.0,100.0,100.0,100.0,100.0,100.0,25.0,0.25176132,0.23146148
RO,2014,17.5,4.5,0.1,20.0,,,,,90.625,100.0,100.0,100.0,100.0,100.0,100.0,100.0,25.0,0.2359388,0.2219191
RO,2015,17.7,5.6,0.2,35.0,,,,,90.625,100.0,100.0,100.0,100.0,100.0,100.0,100.0,25.0,0.1979401,0.22049618
RO,2016,17.7,4.8,0.1,36.4,,,,,90.625,100.0,100.0,100.0,100.0,100.0,100.0,100.0,25.0,0.20702931,0.23859352
RO,2017,17.3,2.9,,21.4,,,,,90.625,100.0,100.0,100.0,100.0,100.0,100.0,100.0,25.0,0.21337138,0.23350695
RO,2018,18.5,2.2,0.1,33.3,,,,,90.625,100.0,100.0,100.0,100.0,100.0,100.0,100.0,25.0,0.22618529,0.23883112
RO,2019,19.2,2.6,,17.6,,,,,90.625,100.0,100.0,100.0,100.0,100.0,100.0,100.0,25.0,0.24048829,0.24007748
RO,2020,19.3,0.9,,16.7,,,,,90.625,100.0,100.0,100.0,100.0,100.0,100.0,100.0,25.0,0.0,
RO,2021,20.1,1.4,0.4,7.1,,,,,90.625,100.0,100.0,100.0,100.0,100.0,100.0,100.0,25.0,,
RO,2022,18.6,1.5,0.3,9.1,,,,,90.625,100.0,100.0,100.0,100.0,100.0,100.0,100.0,25.0,,
RO,2023,19.1,3.8,0.2,30.0,,,,,90.625,100.0,100.0,100.0,100.0,100.0,100.0,100.0,25.0,,
SK,2010,9.9,19.6,0.9,14.8,0.3996092146123491,28.0,136.0,0.0,81.875,100.0,100.0,50.0,100.0,80.0,100.0,100.0,25.0,0.20775448,0.21001308
SK,2011,10.5,20.1,0.8,16.7,0.4166240182575695,34.0,130.0,28.0,91.25,100.0,100.0,50.0,100.0,80.0,100.0,100.0,100.0,0.21919262,0.22132723
SK,2012,10.9,20.8,0.9,8.6,0.4367311242238391,34.0,130.0,28.0,94.375,100.0,100.0,75.0,100.0,80.0,100.0,100.0,100.0,0.23577005,0.23775923
SK,2013,9.8,18.8,1.1,8.3,0.4714387853556502,34.0,130.0,28.0,94.375,100.0,100.0,75.0,100.0,80.0,100.0,100.0,100.0,0.23178843,0.23388435
SK,2014,9.8,19.7,1.3,5.6,0.5038048536120369,34.0,130.0,28.0,94.375,100.0,100.0,75.0,100.0,80.0,100.0,100.0,100.0,0.23393731,0.23597015
SK,2015,9.9,19.7,1.1,8.1,0.4953156614160809,34.0,130.0,28.0,94.375,100.0,100.0,75.0,100.0,80.0,100.0,100.0,100.0,0.23587853,0.23784079
SK,2016,9.2,19.2,1.1,17.1,0.5273833995188324,34.0,130.0,28.0,94.375,100.0,100.0,75.0,100.0,80.0,100.0,100.0,100.0,0.2327891,0.23482278
SK,2017,7.6,20.1,1.2,22.0,0.5715994023058206,34.0,130.0,28.0,94.375,100.0,100.0,75.0,100.0,80.0,100.0,100.0,100.0,0.23314844,0.23514527
SK,2018,8.5,19.8,1.1,25.0,0.5935277994159509,34.0,130.0,28.0,94.375,100.0,100.0,75.0,100.0,80.0,100.0,100.0,100.0,0.23816638,0.24017571
SK,2019,7.7,18.2,0.8,22.5,0.647571335977182,34.0,130.0,28.0,94.375,100.0,100.0,75.0,100.0,80.0,100.0,100.0,100.0,0.25355643,0.25532994
SK,2020,7.3,15.4,0.9,22.0,,34.0,130.0,28.0,94.375,100.0,100.0,75.0,100.0,80.0,100.0,100.0,100.0,0.23195669,0.2355667
SK,2021,8.5,16.0,0.5,20.0,,34.0,130.0,28.0,85.0,100.0,100.0,75.0,100.0,80.0,100.0,100.0,25.0,,
SK,2022,8.1,16.8,0.4,19.4,,34.0,130.0,28.0,85.0,100.0,100.0,75.0,100.0,80.0,100.0,100.0,25.0,,
SK,2023,7.7,15.7,0.5,14.6,,34.0,130.0,28.0,85.0,100.0,100.0,75.0,100.0,80.0,100.0,100.0,25.0,,
SI,2010,7.1,0.9,0.2,35.7,0.490156325052953,,,,90.625,100.0,100.0,75.0,100.0,100.0,100.0,100.0,50.0,0.19650109,0.20039119
SI,2011,6.7,3.3,0.3,26.7,0.489630347032558,,,,90.625,100.0,100.0,75.0,100.0,100.0,100.0,100.0,50.0,0.19764462,0.19728608
SI,2012,6.9,4.5,0.2,18.4,0.5135260618682915,,,,90.625,100.0,100.0,75.0,100.0,100.0,100.0,100.0,50.0,0.19793071,0.20400359
SI,2013,8.0,6.3,0.5,29.3,0.5198833290956112,,,,90.625,100.0,100.0,75.0,100.0,100.0,100.0,100.0,50.0,0.20022552,0.20270255
SI,2014,7.8,7.0,0.6,40.5,0.504592991944687,15.0,37.142857142857146,2.142857142857143,90.625,100.0,100.0,75.0,100.0,100.0,100.0,100.0,50.0,0.2058045,0.20885094
SI,2015,8.5,8.2,0.4,46.2,0.4863247262908073,15.0,37.142857142857146,2.142857142857143,90.625,100.0,100.0,75.0,100.0,100.0,100.0,100.0,50.0,0.20009096,0.1980042
SI,2016,6.5,8.1,0.4,50.0,0.4681378338424464,15.0,37.142857142857146,2.857142857142857,90.625,100.0,100.0,75.0,100.0,100.0,100.0,100.0,50.0,0.1968947,0.20188811
SI,2017,6.9,8.4,0.4,43.4,0.6388315416081327,15.0,37.142857142857146,3.5714285714285716,90.625,100.0,100.0,75.0,100.0,100.0,100.0,100.0,50.0,0.19656242,0.20178248
SI,2018,7.1,9.3,0.4,35.2,0.6284501709486479,15.0,37.142857142857146,4.285714285714286,90.625,100.0,100.0,75.0,100.0,100.0,100.0,100.0,50.0,0.20174202,0.19681287
SI,2019,6.5,7.5,0.4,35.2,0.624233538838366,15.0,37.142857142857146,4.285714285714286,90.625,100.0,100.0,75.0,100.0,100.0,100.0,100.0,50.0,0.21528521,0.21142243
SI,2020,5.9,2.4,0.4,25.9,,15.0,37.142857142857146,4.285714285714286,93.75,100.0,100.0,75.0,100.0,100.0,100.0,100.0,75.0,0.0,
SI,2021,6.7,2.7,0.3,25.4,,15.0,37.142857142857146,4.285714285714286,96.875,100.0,100.0,75.0,100.0,100.0,100.0,100.0,100.0,,
SI,2022,6.9,6.8,0.3,37.7,,15.0,37.142857142857146,4.285714285714286,96.875,100.0,100.0,75.0,100.0,100.0,100.0,100.0,100.0,,
SI,2023,6.1,6.0,0.4,40.9,,15.0,37.142857142857146,10.714285714285714,96.875,100.0,100.0,75.0,100.0,100.0,100.0,100.0,100.0,,
ES,2010,12.9,16.2,1.4,35.7,0.5452336700820073,16.0,0.0,2.09999990463257,97.5,100.0,100.0,100.0,100.0,80.0,100.0,100.0,100.0,0.22126704,0.19570765
ES,2011,11.6,17.6,1.1,32.6,0.5409306321050836,16.0,0.0,2.09999990463257,97.5,100.0,100.0,100.0,100.0,80.0,100.0,100.0,100.0,0.22649482,0.20072885
ES,2012,10.0,18.7,1.1,26.3,0.5295628829045513,16.0,0.0,2.09999990463257,97.5,100.0,100.0,100.0,100.0,80.0,100.0,100.0,100.0,0.23547894,0.2092032
ES,2013,9.6,17.8,1.2,26.3,0.5290501887591292,16.0,0.0,2.09999990463257,97.5,100.0,100.0,100.0,100.0,80.0,100.0,100.0,100.0,0.23461065,0.21112846
ES,2014,10.2,14.9,1.0,34.2,0.5145864683507757,16.0,0.0,2.09999990463257,97.5,100.0,100.0,100.0,100.0,80.0,100.0,100.0,100.0,0.2393403,0.21853895
ES,2015,11.2,14.1,1.0,26.3,0.4976030308373315,16.0,0.0,2.09999990463257,97.5,100.0,100.0,100.0,100.0,80.0,100.0,100.0,100.0,0.23713693,0.22035691
ES,2016,11.5,14.8,1.0,25.7,0.4582201905121023,16.0,0.0,2.09999990463257,97.5,100.0,100.0,100.0,100.0,80.0,100.0,100.0,100.0,0.23772821,0.22394036
ES,2017,11.9,13.5,1.1,31.6,0.4553422164499034,16.0,0.0,4.285714285714286,97.5,100.0,100.0,100.0,100.0,80.0,100.0,100.0,100.0,0.2399129,0.22878799
ES,2018,12.1,11.9,1.1,51.2,0.4635640647607871,16.0,0.0,4.285714285714286,97.5,100.0,100.0,100.0,100.0,80.0,100.0,100.0,100.0,0.24311416,0.23298493
ES,2019,11.9,9.6,0.8,50.0,0.4736042623807132,16.0,0.0,8.0,97.5,100.0,100.0,100.0,100.0,80.0,100.0,100.0,100.0,0.2464214,0.23774117
ES,2020,11.4,9.3,0.9,46.9,,16.0,0.0,12.0,97.5,100.0,100.0,100.0,100.0,80.0,100.0,100.0,100.0,0.27927023,0.3398148
ES,2021,10.8,9.3,1.2,46.9,,16.0,0.0,16.0,97.5,100.0,100.0,100.0,100.0,80.0,100.0,100.0,100.0,,
ES,2022,11.2,9.2,1.2,48.0,,16.0,0.0,16.0,100.0,100.0,100.0,100.0,100.0,100.0,100.0,100.0,100.0,,
ES,2023,10.3,7.3,1.0,46.0,,16.0,0.0,16.0,100.0,100.0,100.0,100.0,100.0,100.0,100.0,100.0,100.0,,
SE,2010,6.5,15.4,0.2,45.8,1.4600922787437003,10.571428571428571,51.42857142857143,10.0,96.875,100.0,100.0,100.0,100.0,100.0,75.0,100.0,100.0,0.23995171,0.14479715
SE,2011,6.0,15.6,0.1,50.0,1.474784387889934,10.571428571428571,51.42857142857143,10.0,96.875,100.0,100.0,100.0,100.0,100.0,75.0,100.0,100.0,0.25179085,0.15481059
SE,2012,5.3,15.5,0.1,54.2,1.5529005195647183,10.571428571428571,51.42857142857143,10.0,96.875,100.0,100.0,100.0,100.0,100.0,75.0,100.0,100.0,0.25814518,0.16261028
SE,2013,5.3,14.6,0.2,54.2,1.5848503777816765,10.571428571428571,51.42857142857143,10.0,96.875,100.0,100.0,100.0,100.0,100.0,75.0,100.0,100.0,0.26849136,0.17250387
SE,2014,4.8,13.8,0.2,50.0,1.5866898825650684,10.571428571428571,51.42857142857143,10.0,100.0,100.0,100.0,100.0,100.0,100.0,100.0,100.0,100.0,0.28098252,0.17457579
SE,2015,4.4,14.0,0.2,50.0,1.5564410166088791,10.571428571428571,51.42857142857143,10.0,100.0,100.0,100.0,100.0,100.0,100.0,100.0,100.0,100.0,0.30217513,0.18508962
SE,2016,4.1,13.3,0.1,50.0,1.5806633859973818,14.857142857142858,42.85714285714285,14.285714285714286,100.0,100.0,100.0,100.0,100.0,100.0,100.0,100.0,100.0,0.32111728,0.19020535
SE,2017,4.4,12.5,0.2,52.2,1.5774335547360827,14.857142857142858,42.85714285714285,14.285714285714286,100.0,100.0,100.0,100.0,100.0,100.0,100.0,100.0,100.0,0.32722494,0.19415526
SE,2018,4.5,12.1,0.1,52.2,1.5854056744480614,14.857142857142858,42.85714285714285,14.285714285714286,100.0,100.0,100.0,100.0,100.0,100.0,100.0,100.0,100.0,0.33499873,0.19825427
SE,2019,5.2,11.1,0.2,52.2,1.5635929715586996,14.857142857142858,42.85714285714285,14.285714285714286,100.0,100.0,100.0,100.0,100.0,100.0,100.0,100.0,100.0,0.34799996,0.20452178
SE,2020,5.3,10.5,0.2,52.2,,14.857142857142858,42.85714285714285,14.285714285714286,100.0,100.0,100.0,100.0,100.0,100.0,100.0,100.0,100.0,0.37768257,0.2181
SE,2021,5.4,10.3,0.1,50.0,,14.857142857142858,42.85714285714285,14.285714285714286,100.0,100.0,100.0,100.0,100.0,100.0,100.0,100.0,100.0,,
SE,2022,5.7,10.4,0.2,45.8,,14.857142857142858,42.85714285714285,14.285714285714286,100.0,100.0,100.0,100.0,100.0,100.0,100.0,100.0,100.0,,
SE,2023,4.7,11.2,,45.8,,14.857142857142858,42.85714285714285,14.285714285714286,100.0,100.0,100.0,100.0,100.0,100.0,100.0,100.0,100.0,,
NO,2010,3.5,16.1,0.3,45.3,1.207869444436941,9.0,27.0,10.0,96.875,100.0,100.0,100.0,100.0,100.0,75.0,100.0,100.0,0.22230099,0.12493404
NO,2011,3.6,15.7,0.3,46.9,1.2197496457707515,9.0,26.0,12.0,96.875,100.0,100.0,100.0,100.0,100.0,75.0,100.0,100.0,0.2239769,0.124956116
NO,2012,3.6,14.7,0.4,44.6,1.207660288125752,9.0,26.0,12.0,96.875,100.0,100.0,100.0,100.0,100.0,75.0,100.0,100.0,0.24278864,0.14255072
NO,2013,3.5,15.5,0.4,33.3,1.252155036558714,9.0,26.0,12.0,96.875,100.0,100.0,100.0,100.0,100.0,75.0,100.0,100.0,0.23662968,0.14008518
NO,2014,4.0,14.5,0.3,33.3,1.2968731672744709,17.0,18.0,14.0,96.875,100.0,100.0,100.0,100.0,100.0,75.0,100.0,100.0,0.23657517,0.14895746
NO,2015,3.5,16.0,0.2,39.1,1.3312115578457993,13.0,26.0,10.0,96.875,100.0,100.0,100.0,100.0,100.0,75.0,100.0,100.0,0.22955649,0.14273475
NO,2016,2.6,14.5,0.2,38.8,1.387583388527598,13.0,26.0,10.0,96.875,100.0,100.0,100.0,100.0,100.0,75.0,100.0,100.0,0.2284309,0.13979523
NO,2017,3.0,13.7,,40.0,1.3592263658659298,13.0,26.0,10.0,96.875,100.0,100.0,100.0,100.0,100.0,75.0,100.0,100.0,0.22937922,0.13966176
NO,2018,3.9,13.2,,42.4,1.3129073130926587,13.0,26.0,10.0,96.875,100.0,100.0,100.0,100.0,100.0,75.0,100.0,100.0,0.22924793,0.13958527
NO,2019,3.8,13.3,,38.4,1.3760631449446663,18.0,16.0,15.0,96.875,100.0,100.0,100.0,100.0,100.0,75.0,100.0,100.0,0.22420709,0.16765562
NO,2020,3.4,13.6,0.3,44.1,,18.0,16.0,15.0,96.875,100.0,100.0,100.0,100.0,100.0,75.0,100.0,100.0,0.1646181,0.10967742
NO,2021,4.8,13.4,,47.7,,18.0,16.0,15.0,96.875,100.0,100.0,100.0,100.0,100.0,75.0,100.0,100.0,,
NO,2022,5.7,13.7,,43.3,,18.0,16.0,15.0,96.875,100.0,100.0,100.0,100.0,100.0,75.0,100.0,100.0,,
NO,2023,5.0,12.8,,47.2,,18.0,16.0,15.0,96.875,100.0,100.0,100.0,100.0,100.0,75.0,100.0,100.0,,
IS,2010,5.5,17.7,,40.0,1.5273964374764546,13.0,13.0,13.0,94.375,100.0,100.0,100.0,80.0,100.0,75.0,100.0,100.0,0.22221299,0.18969965
IS,2011,5.4,17.8,,40.0,1.5163351302636634,13.0,13.0,13.0,94.375,100.0,100.0,100.0,80.0,100.0,75.0,100.0,100.0,0.22141701,0.18874489
IS,2012,5.3,17.7,,50.0,1.7215150748831372,13.0,13.0,13.0,94.375,100.0,100.0,100.0,80.0,100.0,75.0,100.0,100.0,0.21720263,0.19859023
IS,2013,6.5,19.0,,33.3,1.7218753575296235,13.0,13.0,13.0,96.875,100.0,100.0,100.0,100.0,100.0,75.0,100.0,100.0,0.21453291,0.19831507
IS,2014,6.3,16.7,,33.3,1.8245605001538725,13.0,13.0,13.0,96.875,100.0,100.0,100.0,100.0,100.0,75.0,100.0,100.0,0.21591018,0.19888765
IS,2015,6.3,17.5,,40.0,1.739607430252336,13.0,13.0,13.0,96.875,100.0,100.0,100.0,100.0,100.0,75.0,100.0,100.0,0.20745604,0.1888288
IS,2016,6.7,15.8,,50.0,1.7034809174425618,13.0,13.0,13.0,96.875,100.0,100.0,100.0,100.0,100.0,75.0,100.0,100.0,0.20853579,0.33333334
IS,2017,6.0,15.3,,36.4,1.797923072890787,13.0,13.0,13.0,100.0,100.0,100.0,100.0,100.0,100.0,100.0,100.0,100.0,0.20935401,0.5
IS,2018,6.3,13.8,,45.5,1.8307283362313644,13.0,13.0,13.0,100.0,100.0,100.0,100.0,100.0,100.0,100.0,100.0,100.0,0.20937671,0.4
IS,2019,5.6,14.1,,45.5,1.6957824051306118,13.0,13.0,13.0,100.0,100.0,100.0,100.0,100.0,100.0,100.0,100.0,100.0,0.23536953,0.2857143
IS,2020,5.9,12.0,,45.5,,17.33,8.67,17.33,100.0,100.0,100.0,100.0,100.0,100.0,100.0,100.0,100.0,,
IS,2021,7.4,10.2,,45.5,,26.0,6.0,20.0,100.0,100.0,100.0,100.0,100.0,100.0,100.0,100.0,100.0,,
IS,2022,5.2,9.0,,41.7,,26.0,6.0,20.0,100.0,100.0,100.0,100.0,100.0,100.0,100.0,100.0,100.0,,
IS,2023,6.1,9.7,,50.0,,26.0,6.0,20.0,100.0,100.0,100.0,100.0,100.0,100.0,100.0,100.0,100.0,,
CH,2010,12.9,17.8,2.7,,0.2844500815632725,14.0,0.0,0.0,85.625,100.0,100.0,100.0,100.0,60.0,75.0,100.0,50.0,0.18292908,0.17841907
CH,2011,12.2,17.6,2.4,,0.295078681423397,14.0,0.0,0.0,85.625,100.0,100.0,100.0,100.0,60.0,75.0,100.0,50.0,0.1839617,0.17807145
CH,2012,11.4,17.4,2.2,,0.3063271486700663,14.0,0.0,0.0,85.625,100.0,100.0,100.0,100.0,60.0,75.0,100.0,50.0,0.18603702,0.17915311
CH,2013,10.9,17.6,2.2,,0.3159159286183489,16.0,0.0,0.0,85.625,100.0,100.0,100.0,100.0,60.0,75.0,100.0,50.0,0.187587,0.17982182
CH,2014,9.8,17.4,2.1,,0.365475759959144,16.0,0.0,0.0,85.625,100.0,100.0,100.0,100.0,60.0,75.0,100.0,50.0,0.20423777,0.18028954
CH,2015,9.7,17.9,2.1,,0.4960977012282981,16.0,0.0,0.0,85.625,100.0,100.0,100.0,100.0,60.0,75.0,100.0,50.0,0.20685655,0.18443011
CH,2016,9.0,17.4,2.1,,0.5021749115506622,16.0,0.0,0.0,85.625,100.0,100.0,100.0,100.0,60.0,75.0,100.0,50.0,0.20830607,0.18584533
CH,2017,9.4,17.6,2.0,,0.5070382705121184,16.0,0.0,0.0,85.625,100.0,100.0,100.0,100.0,60.0,75.0,100.0,50.0,0.21147765,0.19099148
CH,2018,9.1,18.6,1.7,,0.4856628422776488,16.0,0.0,0.0,85.625,100.0,100.0,100.0,100.0,60.0,75.0,100.0,50.0,0.21335681,0.1920495
CH,2019,8.7,18.4,1.6,,0.4913634527626426,16.0,0.0,0.0,85.625,100.0,100.0,100.0,100.0,60.0,75.0,100.0,50.0,0.21549346,0.19335645
CH,2020,8.3,18.0,1.6,,,16.0,0.0,0.0,85.625,100.0,100.0,100.0,100.0,60.0,75.0,100.0,50.0,0.21702836,0.19397528
CH,2021,7.8,17.0,1.8,,,16.0,0.0,2.0,85.625,100.0,100.0,100.0,100.0,60.0,75.0,100.0,50.0,,
CH,2022,7.9,17.0,2.0,,,16.0,0.0,2.0,88.125,100.0,100.0,100.0,100.0,80.0,75.0,100.0,50.0,,
CH,2023,7.7,17.2,1.9,,,16.0,0.0,2.0,88.125,100.0,100.0,100.0,100.0,80.0,75.0,100.0,50.0,,
UK,2010,,23.3,1.9,13.9,0.7515163585109844,52.0,0.0,2.0,,,,,,,,,,0.15353377,0.15030184
UK,2011,,21.8,1.8,16.5,0.7657422252602999,52.0,0.0,2.0,,,,,,,,,,0.16424124,0.16230212
UK,2012,,22.6,2.0,18.2,0.7545988606087424,52.0,0.0,2.0,,,,,,,,,,0.231358,0.23167868
UK,2013,,21.0,1.8,19.8,0.7283056540008359,52.0,0.0,2.0,,,,,,,,,,0.2330936,0.23383231
UK,2014,,20.9,1.9,24.8,0.5840320019270621,52.0,0.0,2.0,,,,,,,,,,0.232597,0.23329295
UK,2015,,21.0,1.9,25.2,0.6323315839139724,52.0,0.0,2.0,,,,,,,,,,0.22933242,0.22992076
UK,2016,,20.7,1.8,23.7,0.5435825577336049,52.0,0.0,2.0,,,,,,,,,,0.22721277,0.22775999
UK,2017,,20.8,1.5,26.5,0.5572876841528962,52.0,0.0,2.0,,,,,,,,,,0.22811109,0.22858176
UK,2018,,19.8,1.4,30.8,0.5407146036530956,52.0,0.0,2.0,,,,,,,,,,0.23015638,0.23043588
UK,2019,,,1.4,32.8,0.5228740400747267,52.0,0.0,2.0,,,,,,,,,,0.25954723,0.25959608
UK,2020,,,,33.1,0.523507588078991,52.0,0.0,2.0,,,,,,,,,,0.27605838,0.27605772
UK,2021,,,,33.1,,52.0,0.0,2.0,,,,,,,,,,,
UK,2022,,,,29.9,,52.0,0.0,2.0,,,,,,,,,,,
UK,2023,,,,26.2,,52.0,0.0,2.0,,,,,,,,,,,
